CODGEO,pop_total,pop_65plus,pct_65plus,vulnerability_score
75101,16029.999999999996,2868.896146249981,17.9,6
75102,21129.999999999993,2304.7555302273067,10.91,4
75103,33401.99999999997,5169.856817412972,15.48,6
75104,29064.000000000015,4977.9338597287315,17.13,6
75105,57379.99999999999,11517.268570590779,20.07,8
75106,39624.99999999999,9467.05428167239,23.89,8
75107,48520.00000000001,11484.5826095491,23.67,8
75108,35631.00000000001,6155.850868501437,17.28,6
75109,60168.00000000001,8070.879301885015,13.41,4
75110,83459.00000000007,10745.83971641198,12.88,4
75111,144292.0000000001,22468.84377989592,15.57,6
75112,140310.99999999994,24972.672212929327,17.8,6
75113,177832.9999999999,32195.436833784497,18.1,6
75114,133967.00000000003,25052.34455251852,18.7,6
75115,229471.99999999997,41993.90906018866,18.3,6
75116,162820.00000000003,36602.61676585673,22.48,8
75117,166335.99999999997,26397.79667992785,15.87,6
75118,191134.99999999988,26357.750185600373,13.79,4
75119,183211.00000000003,28179.55044416195,15.38,6
75120,192119.99999999997,30962.847659734798,16.12,6
